{"cameraMode":{"drawMode":0,"name":"Shaded","section":"Shading Mode"},"sceneLighting":false,"audioPlay":false,"sceneViewState":{"showFog":true,"showMaterialUpdate":false,"showSkybox":false,"showFlares":true,"showImageEffects":true,"showParticleSystems":true},"in2DMode":false,"pivot":{"x":123.28855895996094,"y":-109.7625732421875,"z":-114.85043334960938},"rotation":{"x":0.12540800869464875,"y":0.8640409111976624,"z":-0.26475971937179568,"w":0.40949320793151858},"size":124.5614013671875,"orthographic":false}