{"count":1,"self":1858.7691008,"total":33805.8305714,"children":{"InitializeSensors":{"count":45,"self":0.0029622,"total":0.0029622,"children":null},"AgentSendState":{"count":2908167,"self":123.24011519999999,"total":1523.1018563,"children":{"CollectObservations":{"count":25882713,"self":25.551392,"total":25.5513914,"children":null},"CollectDiscreteActionMasks":{"count":25882713,"self":12.9709352,"total":12.970934999999999,"children":null},"AgentInfo.ToProto":{"count":25882713,"self":42.1563008,"total":1361.3394140999999,"children":{"GenerateSensorData":{"count":25882713,"self":217.16124159999998,"total":1319.1831123,"children":{"RayPerceptionSensor.Perceive":{"count":77648139,"self":1102.0218367999998,"total":1102.0218811,"children":null}}}}}}},"DecideAction":{"count":2908167,"self":30091.4835456,"total":30091.482226199998,"children":null},"AgentAct":{"count":2908167,"self":313.2608256,"total":313.2866267,"children":{"AgentInfo.ToProto":{"count":452,"self":0.00099739999999999985,"total":0.0258067,"children":{"GenerateSensorData":{"count":452,"self":0.0019355,"total":0.0248093,"children":{"RayPerceptionSensor.Perceive":{"count":1356,"self":0.0228738,"total":0.0228738,"children":null}}}}}}},"AgentInfo.ToProto":{"count":211749,"self":1.0390024,"total":19.1867366,"children":{"GenerateSensorData":{"count":211749,"self":3.4431407999999997,"total":18.1477342,"children":{"RayPerceptionSensor.Perceive":{"count":635247,"self":14.704593599999999,"total":14.704593399999998,"children":null}}}}}},"gauges":{"AgentNoStabResponsable.CumulativeReward":{"count":212201,"max":4.775016,"min":-114.633392,"runningAverage":1.574371,"value":1.16000342,"weightedAverage":1.1338464}},"metadata":{"timer_format_version":"0.1.0","start_time_seconds":"1601168106","unity_version":"2020.1.6f1","command_line_arguments":"C:\\Program Files\\Unity\\Hub\\Editor\\2020.1.6f1\\Editor\\Unity.exe -projectpath C:\/SIGMA Projet Artificial Intelligence\/ml-agents-master\/Projeto Real Oficial First Control -useHub -hubIPC -cloudEnvironment production -skipUpgradeDialogs -hubSessionId 362f2c10-fcb6-11ea-beb9-2b1c4b81a874 -accessToken 833-TxSSs6XB4bq3BVHAOJEyMI4Bnam0wC4gRlKS30c004f","communication_protocol_version":"1.0.0","com.unity.ml-agents_version":"1.0.2-preview","scene_name":"2.5_Point_In_Environment","end_time_seconds":"1601201912"}}